contract_symbol,option_type,expiration,spot,strike,days_to_expiry,T,moneyness,bid,ask,mid_price,last_price,volume,open_interest,implied_volatility,intrinsic_value,time_value,in_the_money
SPY261120C00620000,call,2026-11-20,774.8862915039062,620.0,44,0.12054794520547946,0.8001173937361808,156.37,160.18,158.275,158.81,6.0,45,0.4858144680786133,154.88629150390625,3.3887084960937557,True
SPY261120C00625000,call,2026-11-20,774.8862915039062,625.0,44,0.12054794520547946,0.8065699533630856,151.51,155.25,153.38,154.0,2.0,7,0.47403480072021487,149.88629150390625,3.4937084960937455,True
SPY261120C00630000,call,2026-11-20,774.8862915039062,630.0,44,0.12054794520547946,0.8130225129899903,147.2,150.37,148.785,145.85,2.0,785,0.4633842724609375,144.88629150390625,3.8987084960937466,True
SPY261120C00635000,call,2026-11-20,774.8862915039062,635.0,44,0.12054794520547946,0.8194750726168949,142.34,144.6,143.47,134.0,2.0,141,0.43198199859619146,139.88629150390625,3.583708496093749,True
SPY261120C00640000,call,2026-11-20,774.8862915039062,640.0,44,0.12054794520547946,0.8259276322437996,137.35,139.56,138.45499999999998,138.85,1.0,414,0.4180050875854492,134.88629150390625,3.568708496093734,True
SPY261120C00645000,call,2026-11-20,774.8862915039062,645.0,44,0.12054794520547946,0.8323801918707043,131.8,135.54,133.67000000000002,124.21,8.0,69,0.426885614013672,129.88629150390625,3.783708496093766,True
SPY261120C00650000,call,2026-11-20,774.8862915039062,650.0,44,0.12054794520547946,0.838832751497609,127.5,129.68,128.59,124.27,1.0,2077,0.3947814428710938,124.88629150390625,3.7037084960937534,True
SPY261120C00655000,call,2026-11-20,774.8862915039062,655.0,44,0.12054794520547946,0.8452853111245137,122.59,124.84,123.715,130.75,5.0,180,0.38532108825683586,119.88629150390625,3.8287084960937534,True
SPY261120C00660000,call,2026-11-20,774.8862915039062,660.0,44,0.12054794520547946,0.8517378707514184,117.68,121.25,119.465,125.55,3.0,338,0.4007017938232422,114.88629150390625,4.578708496093753,True
SPY261120C00665000,call,2026-11-20,774.8862915039062,665.0,44,0.12054794520547946,0.8581904303783231,112.79,115.0,113.89500000000001,119.35,30.0,154,0.36255520263671875,109.88629150390625,4.00870849609376,True
SPY261120C00670000,call,2026-11-20,774.8862915039062,670.0,44,0.12054794520547946,0.8646429900052277,107.97,110.02,108.995,109.58,2.0,458,0.34989053436279294,104.88629150390625,4.1087084960937545,True
SPY261120C00675000,call,2026-11-20,774.8862915039062,675.0,44,0.12054794520547946,0.8710955496321324,102.4,106.15,104.275,92.52,1.0,93,0.3580081289672852,99.88629150390625,4.388708496093756,True
SPY261120C00680000,call,2026-11-20,774.8862915039062,680.0,44,0.12054794520547946,0.8775481092590371,98.21,100.27,99.24,86.98,3.0,494,0.3284368914794922,94.88629150390625,4.353708496093745,True
SPY261120C00685000,call,2026-11-20,774.8862915039062,685.0,44,0.12054794520547946,0.8840006688859418,93.28,96.53,94.905,99.55,13.0,309,0.33728690063476563,89.88629150390625,5.018708496093751,True
SPY261120C00690000,call,2026-11-20,774.8862915039062,690.0,44,0.12054794520547946,0.8904532285128465,88.52,90.78,89.65,95.04,5.0,1412,0.3109199768066406,84.88629150390625,4.763708496093756,True
SPY261120C00695000,call,2026-11-20,774.8862915039062,695.0,44,0.12054794520547946,0.8969057881397512,83.64,87.21,85.425,89.94,1.0,141,0.32047188323974607,79.88629150390625,5.538708496093747,True
SPY261120C00700000,call,2026-11-20,774.8862915039062,700.0,44,0.12054794520547946,0.9033583477666558,80.58,80.73,80.655,79.65,4.0,5667,0.28305770660400387,74.88629150390625,5.768708496093751,True
SPY261120C00701000,call,2026-11-20,774.8862915039062,701.0,44,0.12054794520547946,0.9046488596920368,77.73,81.31,79.52000000000001,70.46,,18,0.30503014312744137,73.88629150390625,5.63370849609376,True
SPY261120C00702000,call,2026-11-20,774.8862915039062,702.0,44,0.12054794520547946,0.9059393716174177,76.92,80.38,78.65,70.56,,1,0.30322962402343745,72.88629150390625,5.763708496093756,True
SPY261120C00703000,call,2026-11-20,774.8862915039062,703.0,44,0.12054794520547946,0.9072298835427987,75.93,79.37,77.65,68.64,,3,0.30023893127441403,71.88629150390625,5.763708496093756,True
SPY261120C00704000,call,2026-11-20,774.8862915039062,704.0,44,0.12054794520547946,0.9085203954681796,75.05,78.55,76.8,68.71,,1,0.30002531036376956,70.88629150390625,5.913708496093747,True
SPY261120C00705000,call,2026-11-20,774.8862915039062,705.0,44,0.12054794520547946,0.9098109073935605,74.02,75.89,74.955,80.35,14.0,500,0.2720409710693359,69.88629150390625,5.068708496093748,True
SPY261120C00710000,call,2026-11-20,774.8862915039062,710.0,44,0.12054794520547946,0.9162634670204652,69.29,72.46,70.875,75.14,6.0,408,0.2815318429565429,64.88629150390625,5.98870849609375,True
SPY261120C00714000,call,2026-11-20,774.8862915039062,714.0,44,0.12054794520547946,0.921425514721989,64.91,68.72,66.815,56.16,,5,0.2735973519897461,60.88629150390625,5.928708496093748,True
SPY261120C00715000,call,2026-11-20,774.8862915039062,715.0,44,0.12054794520547946,0.9227160266473698,64.58,67.95,66.265,72.06,11.0,146,0.2738414901733398,59.88629150390625,6.378708496093751,True
SPY261120C00717000,call,2026-11-20,774.8862915039062,717.0,44,0.12054794520547946,0.9252970504981318,62.57,65.87,64.22,60.44,16.0,16,0.26688355194091795,57.88629150390625,6.333708496093749,True
SPY261120C00719000,call,2026-11-20,774.8862915039062,719.0,44,0.12054794520547946,0.9278780743488937,62.47,63.02,62.745000000000005,62.3,4.0,1,0.24945818908691403,55.88629150390625,6.8587084960937545,True
SPY261120C00720000,call,2026-11-20,774.8862915039062,720.0,44,0.12054794520547946,0.9291685862742746,61.6,62.08,61.84,66.5,22.0,1932,0.2474135317993164,54.88629150390625,6.953708496093753,True
SPY261120C00721000,call,2026-11-20,774.8862915039062,721.0,44,0.12054794520547946,0.9304590981996556,60.61,61.14,60.875,58.26,1.0,2,0.2453230986022949,53.88629150390625,6.98870849609375,True
SPY261120C00725000,call,2026-11-20,774.8862915039062,725.0,44,0.12054794520547946,0.9356211459011793,56.88,57.39,57.135000000000005,60.56,11.0,1639,0.23697662445068357,49.88629150390625,7.248708496093755,True
SPY261120C00726000,call,2026-11-20,774.8862915039062,726.0,44,0.12054794520547946,0.9369116578265602,55.98,56.4,56.19,54.89,6.0,6,0.23416903533935546,48.88629150390625,7.303708496093748,True
SPY261120C00727000,call,2026-11-20,774.8862915039062,727.0,44,0.12054794520547946,0.9382021697519412,55.21,55.63,55.42,49.77,,1,0.23416903533935546,47.88629150390625,7.533708496093752,True
SPY261120C00728000,call,2026-11-20,774.8862915039062,728.0,44,0.12054794520547946,0.939492681677322,54.23,54.69,54.459999999999994,48.47,,4,0.2319717916870117,46.88629150390625,7.573708496093744,True
SPY261120C00729000,call,2026-11-20,774.8862915039062,729.0,44,0.12054794520547946,0.940783193602703,53.29,53.78,53.535,43.58,,8,0.23011023803710937,45.88629150390625,7.648708496093747,True
SPY261120C00730000,call,2026-11-20,774.8862915039062,730.0,44,0.12054794520547946,0.942073705528084,52.32,52.74,52.53,52.12,2.0,1421,0.22660075164794918,44.88629150390625,7.643708496093751,True
SPY261120C00731000,call,2026-11-20,774.8862915039062,731.0,44,0.12054794520547946,0.9433642174534649,51.48,51.96,51.72,47.55,4.0,33,0.22635661346435548,43.88629150390625,7.833708496093749,True
SPY261120C00732000,call,2026-11-20,774.8862915039062,732.0,44,0.12054794520547946,0.9446547293788459,50.56,51.04,50.8,43.33,1.0,140,0.22429669754028314,42.88629150390625,7.913708496093747,True
SPY261120C00733000,call,2026-11-20,774.8862915039062,733.0,44,0.12054794520547946,0.9459452413042267,49.66,50.14,49.9,47.92,1.0,114,0.22248091979980467,41.88629150390625,8.013708496093749,True
SPY261120C00734000,call,2026-11-20,774.8862915039062,734.0,44,0.12054794520547946,0.9472357532296077,48.79,49.21,49.0,46.36,1.0,4,0.2202531588745117,40.88629150390625,8.11370849609375,True
SPY261120C00735000,call,2026-11-20,774.8862915039062,735.0,44,0.12054794520547946,0.9485262651549886,47.85,48.28,48.065,52.69,48.0,2030,0.2180253979492187,39.88629150390625,8.178708496093748,True
SPY261120C00736000,call,2026-11-20,774.8862915039062,736.0,44,0.12054794520547946,0.9498167770803696,46.96,47.39,47.175,43.17,4.0,4,0.2162248788452148,38.88629150390625,8.288708496093747,True
SPY261120C00737000,call,2026-11-20,774.8862915039062,737.0,44,0.12054794520547946,0.9511072890057505,46.16,46.56,46.36,38.96,,2,0.21512625701904298,37.88629150390625,8.47370849609375,True
SPY261120C00738000,call,2026-11-20,774.8862915039062,738.0,44,0.12054794520547946,0.9523978009311315,45.27,45.64,45.455,49.68,9.0,33,0.21292901336669923,36.88629150390625,8.568708496093748,True
SPY261120C00739000,call,2026-11-20,774.8862915039062,739.0,44,0.12054794520547946,0.9536883128565123,44.46,44.81,44.635000000000005,41.02,4.0,5,0.21173883972167967,35.88629150390625,8.748708496093755,True
SPY261120C00740000,call,2026-11-20,774.8862915039062,740.0,44,0.12054794520547946,0.9549788247818933,43.5,43.9,43.7,42.83,33.0,2290,0.20960263061523435,34.88629150390625,8.813708496093753,True
SPY261120C00741000,call,2026-11-20,774.8862915039062,741.0,44,0.12054794520547946,0.9562693367072742,42.66,43.03,42.845,32.7,,2,0.20789366333007808,33.88629150390625,8.958708496093749,True
SPY261120C00742000,call,2026-11-20,774.8862915039062,742.0,44,0.12054794520547946,0.9575598486326552,41.77,42.16,41.965,43.3,2.0,58,0.20615417877197262,32.88629150390625,9.078708496093753,True
SPY261120C00743000,call,2026-11-20,774.8862915039062,743.0,44,0.12054794520547946,0.9588503605580362,41.03,41.36,41.195,45.55,6.0,15,0.20514710876464842,31.88629150390625,9.30870849609375,True
SPY261120C00745000,call,2026-11-20,774.8862915039062,745.0,44,0.12054794520547946,0.961431384408798,39.19,39.43,39.31,38.84,16.0,3075,0.19936408554077145,29.88629150390625,9.423708496093752,True
SPY261120C00746000,call,2026-11-20,774.8862915039062,746.0,44,0.12054794520547946,0.9627218963341789,38.38,38.71,38.545,41.91,5.0,253,0.1991199473571777,28.88629150390625,9.658708496093752,True
SPY261120C00747000,call,2026-11-20,774.8862915039062,747.0,44,0.12054794520547946,0.9640124082595599,37.51,37.82,37.665,41.87,1.0,7,0.19696847961425779,27.88629150390625,9.77870849609375,True
SPY261120C00748000,call,2026-11-20,774.8862915039062,748.0,44,0.12054794520547946,0.9653029201849408,36.61,36.89,36.75,37.1,3.0,2,0.1943745114135742,26.88629150390625,9.86370849609375,True
SPY261120C00749000,call,2026-11-20,774.8862915039062,749.0,44,0.12054794520547946,0.9665934321103218,35.78,36.08,35.93,40.12,5.0,5,0.19300123413085937,25.88629150390625,10.04370849609375,True
SPY261120C00750000,call,2026-11-20,774.8862915039062,750.0,44,0.12054794520547946,0.9678839440357027,35.04,35.15,35.095,34.27,90.0,6275,0.19034623138427736,24.88629150390625,10.208708496093749,True
SPY261120C00751000,call,2026-11-20,774.8862915039062,751.0,44,0.12054794520547946,0.9691744559610836,34.14,34.42,34.28,38.29,10.0,19,0.189735885925293,23.88629150390625,10.393708496093751,True
SPY261120C00752000,call,2026-11-20,774.8862915039062,752.0,44,0.12054794520547946,0.9704649678864645,33.38,33.65,33.515,27.05,,12,0.18863726409912107,22.88629150390625,10.62870849609375,True
SPY261120C00753000,call,2026-11-20,774.8862915039062,753.0,44,0.12054794520547946,0.9717554798118455,32.56,32.84,32.7,28.94,1.0,12,0.18709614181518558,21.88629150390625,10.813708496093753,True
SPY261120C00754000,call,2026-11-20,774.8862915039062,754.0,44,0.12054794520547946,0.9730459917372264,31.74,31.95,31.845,35.32,1.0,16,0.18467001861572263,20.88629150390625,10.958708496093749,True
SPY261120C00755000,call,2026-11-20,774.8862915039062,755.0,44,0.12054794520547946,0.9743365036626074,30.97,31.19,31.08,30.65,80.0,2008,0.18354087951660153,19.88629150390625,11.193708496093748,True
SPY261120C00756000,call,2026-11-20,774.8862915039062,756.0,44,0.12054794520547946,0.9756270155879884,30.18,30.45,30.314999999999998,27.2,2.0,15,0.18253380950927733,18.88629150390625,11.428708496093748,True
SPY261120C00757000,call,2026-11-20,774.8862915039062,757.0,44,0.12054794520547946,0.9769175275133692,29.37,29.63,29.5,33.48,1.0,32,0.18068751449584958,17.88629150390625,11.61370849609375,True
SPY261120C00758000,call,2026-11-20,774.8862915039062,758.0,44,0.12054794520547946,0.9782080394387502,28.59,28.83,28.71,28.0,1.0,20,0.17897854721069334,16.88629150390625,11.82370849609375,True
SPY261120C00759000,call,2026-11-20,774.8862915039062,759.0,44,0.12054794520547946,0.9794985513641311,27.83,28.06,27.945,31.07,2.0,19,0.17751371810913086,15.88629150390625,12.05870849609375,True
SPY261120C00760000,call,2026-11-20,774.8862915039062,760.0,44,0.12054794520547946,0.9807890632895121,27.07,27.18,27.125,26.92,65.0,6493,0.17491974990844728,14.88629150390625,12.23870849609375,True
SPY261120C00761000,call,2026-11-20,774.8862915039062,761.0,44,0.12054794520547946,0.982079575214893,26.3,26.49,26.395,25.62,72.0,758,0.1741263008117676,13.88629150390625,12.50870849609375,True
SPY261120C00762000,call,2026-11-20,774.8862915039062,762.0,44,0.12054794520547946,0.983370087140274,25.55,25.78,25.665,30.4,10.0,159,0.17307345489501952,12.88629150390625,12.77870849609375,True
SPY261120C00763000,call,2026-11-20,774.8862915039062,763.0,44,0.12054794520547946,0.9846605990656548,24.81,25.02,24.915,24.18,1.0,198,0.17147129806518557,11.88629150390625,13.02870849609375,True
SPY261120C00764000,call,2026-11-20,774.8862915039062,764.0,44,0.12054794520547946,0.9859511109910358,24.06,24.31,24.185,27.17,3.0,134,0.17028112442016607,10.88629150390625,13.298708496093749,True
SPY261120C00765000,call,2026-11-20,774.8862915039062,765.0,44,0.12054794520547946,0.9872416229164167,23.38,23.49,23.435,23.22,129.0,6485,0.16797707031250003,9.88629150390625,13.548708496093749,True
SPY261120C00766000,call,2026-11-20,774.8862915039062,766.0,44,0.12054794520547946,0.9885321348417977,22.57,22.75,22.66,23.45,3.0,214,0.1663749134826661,8.88629150390625,13.77370849609375,True
SPY261120C00767000,call,2026-11-20,774.8862915039062,767.0,44,0.12054794520547946,0.9898226467671786,21.92,22.11,22.015,25.65,2.0,469,0.16564249893188482,7.88629150390625,14.12870849609375,True
SPY261120C00768000,call,2026-11-20,774.8862915039062,768.0,44,0.12054794520547946,0.9911131586925596,21.23,21.42,21.325000000000003,20.66,3.0,959,0.1643760321044922,6.88629150390625,14.438708496093753,True
SPY261120C00769000,call,2026-11-20,774.8862915039062,769.0,44,0.12054794520547946,0.9924036706179405,20.5,20.64,20.57,19.99,3.0,660,0.16217878845214845,5.88629150390625,14.68370849609375,True
SPY261120C00770000,call,2026-11-20,774.8862915039062,770.0,44,0.12054794520547946,0.9936941825433214,19.86,19.97,19.915,19.96,760.0,13279,0.1609580975341797,4.88629150390625,15.02870849609375,True
SPY261120C00771000,call,2026-11-20,774.8862915039062,771.0,44,0.12054794520547946,0.9949846944687024,19.1,19.24,19.17,23.49,9.0,390,0.15908128524780274,3.88629150390625,15.283708496093752,True
SPY261120C00772000,call,2026-11-20,774.8862915039062,772.0,44,0.12054794520547946,0.9962752063940833,18.53,18.66,18.595,18.42,10.0,622,0.15853197433471683,2.88629150390625,15.708708496093749,True
SPY261120C00773000,call,2026-11-20,774.8862915039062,773.0,44,0.12054794520547946,0.9975657183194643,17.84,18.01,17.925,17.34,3.0,998,0.1572502488708496,1.88629150390625,16.03870849609375,True
SPY261120C00774000,call,2026-11-20,774.8862915039062,774.0,44,0.12054794520547946,0.9988562302448452,17.23,17.4,17.314999999999998,16.89,87.0,596,0.1562584375,0.88629150390625,16.428708496093748,True
SPY261120C00775000,call,2026-11-20,774.8862915039062,775.0,44,0.12054794520547946,1.0001467421702261,16.54,16.62,16.58,16.77,532.0,10543,0.15360343475341798,0.0,16.58,False
SPY261120C00776000,call,2026-11-20,774.8862915039062,776.0,44,0.12054794520547946,1.0014372540956071,15.97,16.02,15.995000000000001,16.04,249.0,1379,0.15253533020019533,0.0,15.995000000000001,False
SPY261120C00777000,call,2026-11-20,774.8862915039062,777.0,44,0.12054794520547946,1.002727766020988,15.39,15.48,15.435,14.81,46.0,1231,0.15192498474121097,0.0,15.435,False
SPY261120C00778000,call,2026-11-20,774.8862915039062,778.0,44,0.12054794520547946,1.0040182779463689,14.81,14.86,14.835,14.29,49.0,716,0.1504906729125977,0.0,14.835,False
SPY261120C00779000,call,2026-11-20,774.8862915039062,779.0,44,0.12054794520547946,1.0053087898717499,14.24,14.28,14.26,13.74,6.0,647,0.14933101654052733,0.0,14.26,False
SPY261120C00780000,call,2026-11-20,774.8862915039062,780.0,44,0.12054794520547946,1.0065993017971309,13.65,13.69,13.67,13.75,425.0,12953,0.14798825653076175,0.0,13.67,False
SPY261120C00781000,call,2026-11-20,774.8862915039062,781.0,44,0.12054794520547946,1.0078898137225116,13.12,13.15,13.135,12.83,43.0,471,0.14701170379638673,0.0,13.135,False
SPY261120C00782000,call,2026-11-20,774.8862915039062,782.0,44,0.12054794520547946,1.0091803256478926,12.55,12.6,12.575,12.12,22.0,634,0.1458367887878418,0.0,12.575,False
SPY261120C00783000,call,2026-11-20,774.8862915039062,783.0,44,0.12054794520547946,1.0104708375732736,12.04,12.08,12.059999999999999,11.82,32.0,389,0.1448449774169922,0.0,12.059999999999999,False
SPY261120C00784000,call,2026-11-20,774.8862915039062,784.0,44,0.12054794520547946,1.0117613494986546,11.54,11.58,11.559999999999999,11.1,22.0,848,0.1439447178649902,0.0,11.559999999999999,False
SPY261120C00785000,call,2026-11-20,774.8862915039062,785.0,44,0.12054794520547946,1.0130518614240356,11.01,11.04,11.024999999999999,11.04,66.0,10547,0.14255618194580078,0.0,11.024999999999999,False
SPY261120C00786000,call,2026-11-20,774.8862915039062,786.0,44,0.12054794520547946,1.0143423733494163,10.52,10.55,10.535,10.15,11.0,955,0.14154911193847658,0.0,10.535,False
SPY261120C00787000,call,2026-11-20,774.8862915039062,787.0,44,0.12054794520547946,1.0156328852747973,10.05,10.08,10.065000000000001,10.09,10.0,335,0.1406183351135254,0.0,10.065000000000001,False
SPY261120C00788000,call,2026-11-20,774.8862915039062,788.0,44,0.12054794520547946,1.0169233972001783,9.59,9.62,9.605,9.58,8.0,490,0.1396722996520996,0.0,9.605,False
SPY261120C00789000,call,2026-11-20,774.8862915039062,789.0,44,0.12054794520547946,1.0182139091255593,9.13,9.17,9.15,8.99,100.0,464,0.13871100555419924,0.0,9.15,False
SPY261120C00790000,call,2026-11-20,774.8862915039062,790.0,44,0.12054794520547946,1.01950442105094,8.68,8.71,8.695,8.78,1150.0,13535,0.1375513491821289,0.0,8.695,False
SPY261120C00791000,call,2026-11-20,774.8862915039062,791.0,44,0.12054794520547946,1.020794932976321,8.29,8.32,8.305,8.13,3.0,914,0.13695626235961916,0.0,8.305,False
SPY261120C00792000,call,2026-11-20,774.8862915039062,792.0,44,0.12054794520547946,1.022085444901702,7.87,7.91,7.890000000000001,7.86,17.0,894,0.1360560028076172,0.0,7.890000000000001,False
SPY261120C00793000,call,2026-11-20,774.8862915039062,793.0,44,0.12054794520547946,1.023375956827083,7.48,7.51,7.495,7.46,7.0,980,0.13514048461914066,0.0,7.495,False
SPY261120C00794000,call,2026-11-20,774.8862915039062,794.0,44,0.12054794520547946,1.0246664687524638,7.1,7.13,7.115,6.97,16.0,622,0.13431651824951174,0.0,7.115,False
SPY261120C00795000,call,2026-11-20,774.8862915039062,795.0,44,0.12054794520547946,1.0259569806778448,6.76,6.78,6.77,6.63,162.0,8572,0.13367565551757812,0.0,6.77,False
SPY261120C00796000,call,2026-11-20,774.8862915039062,796.0,44,0.12054794520547946,1.0272474926032258,6.4,6.43,6.415,6.26,43.0,812,0.13292798233032227,0.0,6.415,False
SPY261120C00797000,call,2026-11-20,774.8862915039062,797.0,44,0.12054794520547946,1.0285380045286068,6.06,6.09,6.074999999999999,5.92,7.0,870,0.13216505050659183,0.0,6.074999999999999,False
SPY261120C00798000,call,2026-11-20,774.8862915039062,798.0,44,0.12054794520547946,1.0298285164539878,5.72,5.75,5.734999999999999,5.6,31.0,881,0.13128004959106443,0.0,5.734999999999999,False
SPY261120C00799000,call,2026-11-20,774.8862915039062,799.0,44,0.12054794520547946,1.0311190283793685,5.41,5.44,5.425000000000001,5.32,158.0,1090,0.130593410949707,0.0,5.425000000000001,False
SPY261120C00800000,call,2026-11-20,774.8862915039062,800.0,44,0.12054794520547946,1.0324095403047495,5.1,5.12,5.109999999999999,5.12,1005.0,46221,0.12967789276123048,0.0,5.109999999999999,False
SPY261120C00805000,call,2026-11-20,774.8862915039062,805.0,44,0.12054794520547946,1.0388620999316542,3.8,3.82,3.8099999999999996,3.86,588.0,7319,0.12674823455810547,0.0,3.8099999999999996,False
SPY261120C00810000,call,2026-11-20,774.8862915039062,810.0,44,0.12054794520547946,1.045314659558559,2.77,2.78,2.775,2.7,789.0,31730,0.124032197265625,0.0,2.775,False
SPY261120C00815000,call,2026-11-20,774.8862915039062,815.0,44,0.12054794520547946,1.0517672191854637,1.98,2.01,1.9949999999999999,1.99,934.0,10400,0.12223167816162112,0.0,1.9949999999999999,False
SPY261120C00820000,call,2026-11-20,774.8862915039062,820.0,44,0.12054794520547946,1.0582197788123682,1.4,1.41,1.4049999999999998,1.38,2024.0,25945,0.1203090899658203,0.0,1.4049999999999998,False
SPY261120C00825000,call,2026-11-20,774.8862915039062,825.0,44,0.12054794520547946,1.064672338439273,0.98,0.99,0.985,0.93,79.0,7264,0.11927150268554687,0.0,0.985,False
SPY261120C00830000,call,2026-11-20,774.8862915039062,830.0,44,0.12054794520547946,1.0711248980661776,0.69,0.7,0.695,0.69,98.0,6010,0.11896632995605468,0.0,0.695,False
SPY261120C00835000,call,2026-11-20,774.8862915039062,835.0,44,0.12054794520547946,1.0775774576930823,0.5,0.51,0.505,0.48,165.0,5335,0.11963770996093749,0.0,0.505,False
SPY261120C00840000,call,2026-11-20,774.8862915039062,840.0,44,0.12054794520547946,1.084030017319987,0.36,0.37,0.365,0.37,9.0,2422,0.12049219360351562,0.0,0.365,False
SPY261120C00845000,call,2026-11-20,774.8862915039062,845.0,44,0.12054794520547946,1.0904825769468918,0.26,0.27,0.265,0.26,19.0,2030,0.12146874633789062,0.0,0.265,False
SPY261120C00850000,call,2026-11-20,774.8862915039062,850.0,44,0.12054794520547946,1.0969351365737965,0.2,0.21,0.20500000000000002,0.19,1123.0,7051,0.12378805908203125,0.0,0.20500000000000002,False
SPY261120C00855000,call,2026-11-20,774.8862915039062,855.0,44,0.12054794520547946,1.103387696200701,0.15,0.16,0.155,0.15,13.0,1195,0.12549702636718751,0.0,0.155,False
SPY261120C00860000,call,2026-11-20,774.8862915039062,860.0,44,0.12054794520547946,1.1098402558276057,0.12,0.13,0.125,0.12,18.0,1298,0.12842668457031248,0.0,0.125,False
SPY261120C00865000,call,2026-11-20,774.8862915039062,865.0,44,0.12054794520547946,1.1162928154545104,0.09,0.1,0.095,0.11,5.0,1544,0.13013565185546871,0.0,0.095,False
SPY261120C00870000,call,2026-11-20,774.8862915039062,870.0,44,0.12054794520547946,1.1227453750814151,0.08,0.09,0.08499999999999999,0.07,2.0,695,0.13428600097656251,0.0,0.08499999999999999,False
SPY261120C00875000,call,2026-11-20,774.8862915039062,875.0,44,0.12054794520547946,1.1291979347083199,0.06,0.07,0.065,0.06,11.0,23197,0.1362391064453125,0.0,0.065,False
SPY261120C00880000,call,2026-11-20,774.8862915039062,880.0,44,0.12054794520547946,1.1356504943352246,0.04,0.05,0.045,0.1,16.0,1240,0.13672738281250002,0.0,0.045,False
SPY261120C00885000,call,2026-11-20,774.8862915039062,885.0,44,0.12054794520547946,1.142103053962129,0.04,0.05,0.045,0.06,1.0,802,0.1420984228515625,0.0,0.045,False
SPY261120C00890000,call,2026-11-20,774.8862915039062,890.0,44,0.12054794520547946,1.1485556135890338,0.03,0.04,0.035,0.06,2.0,902,0.1445398046875,0.0,0.035,False
SPY261120C00895000,call,2026-11-20,774.8862915039062,895.0,44,0.12054794520547946,1.1550081732159385,0.02,0.04,0.03,0.04,24.0,1112,0.149422568359375,0.0,0.03,False
SPY261120C00900000,call,2026-11-20,774.8862915039062,900.0,44,0.12054794520547946,1.1614607328428432,0.02,0.03,0.025,0.03,6.0,2499,0.15039912109375003,0.0,0.025,False
SPY261120C00905000,call,2026-11-20,774.8862915039062,905.0,44,0.12054794520547946,1.167913292469748,0.02,0.03,0.025,0.05,29.0,1269,0.15528188476562502,0.0,0.025,False
SPY261120C00910000,call,2026-11-20,774.8862915039062,910.0,44,0.12054794520547946,1.1743658520966527,0.01,0.02,0.015,0.03,8.0,364,0.15430533203125002,0.0,0.015,False
SPY261120C00915000,call,2026-11-20,774.8862915039062,915.0,44,0.12054794520547946,1.1808184117235574,0.01,0.02,0.015,0.03,26.0,294,0.159188095703125,0.0,0.015,False
SPY261120C00920000,call,2026-11-20,774.8862915039062,920.0,44,0.12054794520547946,1.187270971350462,0.01,0.02,0.015,0.03,29.0,1623,0.16407085937500002,0.0,0.015,False
SPY261120C00925000,call,2026-11-20,774.8862915039062,925.0,44,0.12054794520547946,1.1937235309773666,0.01,0.02,0.015,0.03,25.0,87,0.16895362304687503,0.0,0.015,False
SPY261120P00620000,put,2026-11-20,774.8862915039062,620.0,44,0.12054794520547946,0.8001173937361808,0.62,0.63,0.625,0.64,245.0,163785,0.3156806713867187,0.0,0.625,False
SPY261120P00625000,put,2026-11-20,774.8862915039062,625.0,44,0.12054794520547946,0.8065699533630856,0.67,0.68,0.675,0.59,93.0,2248,0.309577216796875,0.0,0.675,False
SPY261120P00630000,put,2026-11-20,774.8862915039062,630.0,44,0.12054794520547946,0.8130225129899903,0.7,0.71,0.705,0.72,21.0,102668,0.301764794921875,0.0,0.705,False
SPY261120P00635000,put,2026-11-20,774.8862915039062,635.0,44,0.12054794520547946,0.8194750726168949,0.74,0.75,0.745,0.77,4.0,5351,0.29456271850585936,0.0,0.745,False
SPY261120P00640000,put,2026-11-20,774.8862915039062,640.0,44,0.12054794520547946,0.8259276322437996,0.78,0.79,0.785,0.81,270.0,80053,0.28711650390624993,0.0,0.785,False
SPY261120P00645000,put,2026-11-20,774.8862915039062,645.0,44,0.12054794520547946,0.8323801918707043,0.84,0.85,0.845,0.89,6.0,2597,0.280707876586914,0.0,0.845,False
SPY261120P00650000,put,2026-11-20,774.8862915039062,650.0,44,0.12054794520547946,0.838832751497609,0.9,0.91,0.905,0.92,181.0,18112,0.27399407653808594,0.0,0.905,False
SPY261120P00655000,put,2026-11-20,774.8862915039062,655.0,44,0.12054794520547946,0.8452853111245137,0.96,0.97,0.965,0.98,1216.0,9865,0.26697510375976563,0.0,0.965,False
SPY261120P00660000,put,2026-11-20,774.8862915039062,660.0,44,0.12054794520547946,0.8517378707514184,1.03,1.04,1.0350000000000001,1.06,143.0,13147,0.2602613037109375,0.0,1.0350000000000001,False
SPY261120P00665000,put,2026-11-20,774.8862915039062,665.0,44,0.12054794520547946,0.8581904303783231,1.09,1.11,1.1,1.14,81.0,3266,0.25318129638671877,0.0,1.1,False
SPY261120P00670000,put,2026-11-20,774.8862915039062,670.0,44,0.12054794520547946,0.8646429900052277,1.18,1.2,1.19,1.22,38.0,9545,0.2467116345214844,0.0,1.19,False
SPY261120P00675000,put,2026-11-20,774.8862915039062,675.0,44,0.12054794520547946,0.8710955496321324,1.27,1.29,1.28,1.3,38.0,5592,0.23987576538085933,0.0,1.28,False
SPY261120P00680000,put,2026-11-20,774.8862915039062,680.0,44,0.12054794520547946,0.8775481092590371,1.38,1.4,1.39,1.43,1383.0,51097,0.23334506896972657,0.0,1.39,False
SPY261120P00685000,put,2026-11-20,774.8862915039062,685.0,44,0.12054794520547946,0.8840006688859418,1.49,1.51,1.5,1.56,9.0,8994,0.2264481652832031,0.0,1.5,False
SPY261120P00690000,put,2026-11-20,774.8862915039062,690.0,44,0.12054794520547946,0.8904532285128465,1.63,1.64,1.6349999999999998,1.67,28.0,23106,0.2197953997802734,0.0,1.6349999999999998,False
SPY261120P00695000,put,2026-11-20,774.8862915039062,695.0,44,0.12054794520547946,0.8969057881397512,1.78,1.79,1.7850000000000001,1.87,17.0,6504,0.21326470336914063,0.0,1.7850000000000001,False
SPY261120P00700000,put,2026-11-20,774.8862915039062,700.0,44,0.12054794520547946,0.9033583477666558,1.96,1.98,1.97,1.97,1694.0,47763,0.20728331787109372,0.0,1.97,False
SPY261120P00701000,put,2026-11-20,774.8862915039062,701.0,44,0.12054794520547946,0.9046488596920368,2.0,2.01,2.005,1.73,243.0,305,0.20581848876953124,0.0,2.005,False
SPY261120P00702000,put,2026-11-20,774.8862915039062,702.0,44,0.12054794520547946,0.9059393716174177,2.03,2.04,2.035,1.77,61.0,199,0.2043536596679687,0.0,2.035,False
SPY261120P00703000,put,2026-11-20,774.8862915039062,703.0,44,0.12054794520547946,0.9072298835427987,2.05,2.08,2.065,1.79,10.0,292,0.20307193420410152,0.0,2.065,False
SPY261120P00704000,put,2026-11-20,774.8862915039062,704.0,44,0.12054794520547946,0.9085203954681796,2.12,2.14,2.13,2.22,56.0,397,0.20227848510742186,0.0,2.13,False
SPY261120P00705000,put,2026-11-20,774.8862915039062,705.0,44,0.12054794520547946,0.9098109073935605,2.15,2.17,2.16,2.26,29.0,8733,0.2007221041870117,0.0,2.16,False
SPY261120P00706000,put,2026-11-20,774.8862915039062,706.0,44,0.12054794520547946,0.9111014193189415,2.2,2.21,2.205,1.92,54.0,293,0.19937934417724607,0.0,2.205,False
SPY261120P00707000,put,2026-11-20,774.8862915039062,707.0,44,0.12054794520547946,0.9123919312443224,2.25,2.26,2.255,2.35,236.0,1551,0.198250205078125,0.0,2.255,False
SPY261120P00708000,put,2026-11-20,774.8862915039062,708.0,44,0.12054794520547946,0.9136824431697034,2.3,2.31,2.3049999999999997,2.38,28.0,550,0.1970905487060547,0.0,2.3049999999999997,False
SPY261120P00709000,put,2026-11-20,774.8862915039062,709.0,44,0.12054794520547946,0.9149729550950843,2.33,2.36,2.3449999999999998,2.37,2.0,464,0.1959003750610352,0.0,2.3449999999999998,False
SPY261120P00710000,put,2026-11-20,774.8862915039062,710.0,44,0.12054794520547946,0.9162634670204652,2.39,2.41,2.4000000000000004,2.45,176.0,10694,0.1946796841430664,0.0,2.4000000000000004,False
SPY261120P00711000,put,2026-11-20,774.8862915039062,711.0,44,0.12054794520547946,0.9175539789458461,2.43,2.46,2.4450000000000003,2.08,109.0,247,0.19342847595214846,0.0,2.4450000000000003,False
SPY261120P00712000,put,2026-11-20,774.8862915039062,712.0,44,0.12054794520547946,0.9188444908712271,2.49,2.5,2.495,2.53,3.0,648,0.19196364685058598,0.0,2.495,False
SPY261120P00713000,put,2026-11-20,774.8862915039062,713.0,44,0.12054794520547946,0.920135002796608,2.54,2.56,2.55,2.65,740.0,252,0.19086502502441405,0.0,2.55,False
SPY261120P00714000,put,2026-11-20,774.8862915039062,714.0,44,0.12054794520547946,0.921425514721989,2.59,2.61,2.5999999999999996,2.65,4.0,413,0.18952226501464847,0.0,2.5999999999999996,False
SPY261120P00715000,put,2026-11-20,774.8862915039062,715.0,44,0.12054794520547946,0.9227160266473698,2.65,2.67,2.66,2.77,263.0,29987,0.18836260864257812,0.0,2.66,False
SPY261120P00716000,put,2026-11-20,774.8862915039062,716.0,44,0.12054794520547946,0.9240065385727508,2.71,2.73,2.7199999999999998,2.74,22.0,391,0.1871724349975586,0.0,2.7199999999999998,False
SPY261120P00717000,put,2026-11-20,774.8862915039062,717.0,44,0.12054794520547946,0.9252970504981318,2.77,2.79,2.7800000000000002,2.78,3.0,351,0.1859517440795898,0.0,2.7800000000000002,False
SPY261120P00718000,put,2026-11-20,774.8862915039062,718.0,44,0.12054794520547946,0.9265875624235127,2.84,2.86,2.8499999999999996,2.95,452.0,409,0.18488363952636716,0.0,2.8499999999999996,False
SPY261120P00719000,put,2026-11-20,774.8862915039062,719.0,44,0.12054794520547946,0.9278780743488937,2.89,2.91,2.9000000000000004,2.9,2.0,234,0.18341881042480468,0.0,2.9000000000000004,False
SPY261120P00720000,put,2026-11-20,774.8862915039062,720.0,44,0.12054794520547946,0.9291685862742746,2.95,2.97,2.96,3.07,1814.0,36850,0.18210656768798827,0.0,2.96,False
SPY261120P00721000,put,2026-11-20,774.8862915039062,721.0,44,0.12054794520547946,0.9304590981996556,3.02,3.04,3.0300000000000002,2.56,31.0,637,0.18094691131591795,0.0,3.0300000000000002,False
SPY261120P00722000,put,2026-11-20,774.8862915039062,722.0,44,0.12054794520547946,0.9317496101250364,3.11,3.13,3.12,3.27,1.0,777,0.18009242767333983,0.0,3.12,False
SPY261120P00723000,put,2026-11-20,774.8862915039062,723.0,44,0.12054794520547946,0.9330401220504174,3.17,3.19,3.1799999999999997,3.24,104.0,5950,0.1786886331176758,0.0,3.1799999999999997,False
SPY261120P00724000,put,2026-11-20,774.8862915039062,724.0,44,0.12054794520547946,0.9343306339757983,3.24,3.27,3.255,3.39,115.0,551,0.1775594940185547,0.0,3.255,False
SPY261120P00725000,put,2026-11-20,774.8862915039062,725.0,44,0.12054794520547946,0.9356211459011793,3.32,3.34,3.33,3.45,201.0,26409,0.17627776855468752,0.0,3.33,False
SPY261120P00726000,put,2026-11-20,774.8862915039062,726.0,44,0.12054794520547946,0.9369116578265602,3.4,3.42,3.41,3.47,11.0,8975,0.17508759490966797,0.0,3.41,False
SPY261120P00727000,put,2026-11-20,774.8862915039062,727.0,44,0.12054794520547946,0.9382021697519412,3.48,3.5,3.49,3.64,58.0,7841,0.17386690399169924,0.0,3.49,False
SPY261120P00728000,put,2026-11-20,774.8862915039062,728.0,44,0.12054794520547946,0.939492681677322,3.56,3.58,3.5700000000000003,3.65,1.0,10791,0.1726156958007813,0.0,3.5700000000000003,False
SPY261120P00729000,put,2026-11-20,774.8862915039062,729.0,44,0.12054794520547946,0.940783193602703,3.65,3.67,3.66,3.75,2.0,9364,0.1714865567016602,0.0,3.66,False
SPY261120P00730000,put,2026-11-20,774.8862915039062,730.0,44,0.12054794520547946,0.942073705528084,3.73,3.75,3.74,3.73,1342.0,51811,0.17014379669189456,0.0,3.74,False
SPY261120P00731000,put,2026-11-20,774.8862915039062,731.0,44,0.12054794520547946,0.9433642174534649,3.83,3.85,3.84,3.94,8.0,556,0.16910620941162113,0.0,3.84,False
SPY261120P00732000,put,2026-11-20,774.8862915039062,732.0,44,0.12054794520547946,0.9446547293788459,3.91,3.94,3.925,4.07,300.0,1716,0.16782448394775396,0.0,3.925,False
SPY261120P00733000,put,2026-11-20,774.8862915039062,733.0,44,0.12054794520547946,0.9459452413042267,4.01,4.04,4.025,4.21,277.0,15018,0.16669534484863285,0.0,4.025,False
SPY261120P00734000,put,2026-11-20,774.8862915039062,734.0,44,0.12054794520547946,0.9472357532296077,4.12,4.14,4.13,4.22,736.0,3603,0.1655051712036133,0.0,4.13,False
SPY261120P00735000,put,2026-11-20,774.8862915039062,735.0,44,0.12054794520547946,0.9485262651549886,4.22,4.24,4.23,4.29,418.0,11188,0.16425396301269532,0.0,4.23,False
SPY261120P00736000,put,2026-11-20,774.8862915039062,736.0,44,0.12054794520547946,0.9498167770803696,4.31,4.33,4.32,4.45,17572.0,13289,0.16285016845703126,0.0,4.32,False
SPY261120P00737000,put,2026-11-20,774.8862915039062,737.0,44,0.12054794520547946,0.9511072890057505,4.44,4.46,4.45,4.62,118.0,4136,0.1619346502685547,0.0,4.45,False
SPY261120P00738000,put,2026-11-20,774.8862915039062,738.0,44,0.12054794520547946,0.9523978009311315,4.55,4.57,4.5600000000000005,4.71,53.0,1616,0.16071395935058597,0.0,4.5600000000000005,False
SPY261120P00739000,put,2026-11-20,774.8862915039062,739.0,44,0.12054794520547946,0.9536883128565123,4.66,4.69,4.675000000000001,4.87,300.0,1049,0.1595543029785156,0.0,4.675000000000001,False
SPY261120P00740000,put,2026-11-20,774.8862915039062,740.0,44,0.12054794520547946,0.9549788247818933,4.79,4.81,4.8,4.82,19523.0,51343,0.15836412933349608,0.0,4.8,False
SPY261120P00741000,put,2026-11-20,774.8862915039062,741.0,44,0.12054794520547946,0.9562693367072742,4.92,4.94,4.93,5.05,8.0,543,0.1572655075073242,0.0,4.93,False
SPY261120P00742000,put,2026-11-20,774.8862915039062,742.0,44,0.12054794520547946,0.9575598486326552,5.04,5.07,5.055,5.17,53.0,482,0.15610585113525394,0.0,5.055,False
SPY261120P00743000,put,2026-11-20,774.8862915039062,743.0,44,0.12054794520547946,0.9588503605580362,5.17,5.2,5.1850000000000005,5.4,84.0,375,0.1548851602172852,0.0,5.1850000000000005,False
SPY261120P00744000,put,2026-11-20,774.8862915039062,744.0,44,0.12054794520547946,0.9601408724834171,5.32,5.34,5.33,5.52,11.0,924,0.15372550384521483,0.0,5.33,False
SPY261120P00745000,put,2026-11-20,774.8862915039062,745.0,44,0.12054794520547946,0.961431384408798,5.45,5.48,5.465,5.45,257.0,32227,0.15253533020019533,0.0,5.465,False
SPY261120P00746000,put,2026-11-20,774.8862915039062,746.0,44,0.12054794520547946,0.9627218963341789,5.6,5.63,5.615,5.78,3.0,881,0.15140619110107423,0.0,5.615,False
SPY261120P00747000,put,2026-11-20,774.8862915039062,747.0,44,0.12054794520547946,0.9640124082595599,5.75,5.78,5.765000000000001,5.65,1.0,802,0.15021601745605473,0.0,5.765000000000001,False
SPY261120P00748000,put,2026-11-20,774.8862915039062,748.0,44,0.12054794520547946,0.9653029201849408,5.91,5.95,5.93,5.97,10.0,1167,0.14920894744873048,0.0,5.93,False
SPY261120P00749000,put,2026-11-20,774.8862915039062,749.0,44,0.12054794520547946,0.9665934321103218,6.07,6.1,6.085,6.07,17.0,660,0.14789670471191407,0.0,6.085,False
SPY261120P00750000,put,2026-11-20,774.8862915039062,750.0,44,0.12054794520547946,0.9678839440357027,6.24,6.28,6.26,6.25,3210.0,47824,0.14688963470458982,0.0,6.26,False
SPY261120P00751000,put,2026-11-20,774.8862915039062,751.0,44,0.12054794520547946,0.9691744559610836,6.42,6.45,6.4350000000000005,6.53,56.0,865,0.1456842024230957,0.0,6.4350000000000005,False
SPY261120P00752000,put,2026-11-20,774.8862915039062,752.0,44,0.12054794520547946,0.9704649678864645,6.59,6.64,6.615,6.85,748.0,655,0.14466187377929687,0.0,6.615,False
SPY261120P00753000,put,2026-11-20,774.8862915039062,753.0,44,0.12054794520547946,0.9717554798118455,6.78,6.81,6.795,7.01,7.0,783,0.14331911376953127,0.0,6.795,False
SPY261120P00754000,put,2026-11-20,774.8862915039062,754.0,44,0.12054794520547946,0.9730459917372264,6.97,7.0,6.984999999999999,7.21,5.0,1071,0.14215945739746094,0.0,6.984999999999999,False
SPY261120P00755000,put,2026-11-20,774.8862915039062,755.0,44,0.12054794520547946,0.9743365036626074,7.18,7.2,7.1899999999999995,7.34,409.0,14235,0.14103031829833984,0.0,7.1899999999999995,False
SPY261120P00756000,put,2026-11-20,774.8862915039062,756.0,44,0.12054794520547946,0.9756270155879884,7.37,7.41,7.390000000000001,7.71,36.0,1631,0.13994695510864258,0.0,7.390000000000001,False
SPY261120P00757000,put,2026-11-20,774.8862915039062,757.0,44,0.12054794520547946,0.9769175275133692,7.59,7.62,7.605,7.69,33.0,647,0.1387872987365723,0.0,7.605,False
SPY261120P00758000,put,2026-11-20,774.8862915039062,758.0,44,0.12054794520547946,0.9782080394387502,7.79,7.83,7.8100000000000005,8.06,3.0,651,0.1375513491821289,0.0,7.8100000000000005,False
SPY261120P00759000,put,2026-11-20,774.8862915039062,759.0,44,0.12054794520547946,0.9794985513641311,8.05,8.08,8.065000000000001,8.36,8.0,757,0.13665108963012695,0.0,8.065000000000001,False
SPY261120P00760000,put,2026-11-20,774.8862915039062,760.0,44,0.12054794520547946,0.9807890632895121,8.27,8.29,8.28,8.39,715.0,21105,0.13526255371093754,0.0,8.28,False
SPY261120P00761000,put,2026-11-20,774.8862915039062,761.0,44,0.12054794520547946,0.982079575214893,8.51,8.54,8.524999999999999,8.67,23.0,727,0.13422496643066406,0.0,8.524999999999999,False
SPY261120P00762000,put,2026-11-20,774.8862915039062,762.0,44,0.12054794520547946,0.983370087140274,8.77,8.81,8.79,8.92,27.0,503,0.13327893096923826,0.0,8.79,False
SPY261120P00763000,put,2026-11-20,774.8862915039062,763.0,44,0.12054794520547946,0.9846605990656548,9.01,9.04,9.024999999999999,9.12,551.0,1024,0.13187513641357423,0.0,9.024999999999999,False
SPY261120P00764000,put,2026-11-20,774.8862915039062,764.0,44,0.12054794520547946,0.9859511109910358,9.27,9.3,9.285,9.53,53.0,1683,0.13066970413208007,0.0,9.285,False
SPY261120P00765000,put,2026-11-20,774.8862915039062,765.0,44,0.12054794520547946,0.9872416229164167,9.57,9.58,9.575,9.58,681.0,19610,0.1295863409423828,0.0,9.575,False
SPY261120P00766000,put,2026-11-20,774.8862915039062,766.0,44,0.12054794520547946,0.9885321348417977,9.83,9.87,9.85,10.16,60.0,1448,0.12848771911621093,0.0,9.85,False
SPY261120P00767000,put,2026-11-20,774.8862915039062,767.0,44,0.12054794520547946,0.9898226467671786,10.12,10.2,10.16,10.35,47.0,1027,0.12770952865600588,0.0,10.16,False
SPY261120P00768000,put,2026-11-20,774.8862915039062,768.0,44,0.12054794520547946,0.9911131586925596,10.45,10.47,10.46,10.36,39.0,1228,0.12624469955444334,0.0,10.46,False
SPY261120P00769000,put,2026-11-20,774.8862915039062,769.0,44,0.12054794520547946,0.9924036706179405,10.73,10.78,10.754999999999999,10.88,10.0,2700,0.12508504318237307,0.0,10.754999999999999,False
SPY261120P00770000,put,2026-11-20,774.8862915039062,770.0,44,0.12054794520547946,0.9936941825433214,11.06,11.09,11.075,11.0,2313.0,20509,0.12381857635498048,0.0,11.075,False
SPY261120P00771000,put,2026-11-20,774.8862915039062,771.0,44,0.12054794520547946,0.9949846944687024,11.38,11.43,11.405000000000001,11.75,18.0,1342,0.12273521316528321,0.0,11.405000000000001,False
SPY261120P00772000,put,2026-11-20,774.8862915039062,772.0,44,0.12054794520547946,0.9962752063940833,11.72,11.78,11.75,11.66,52.0,555,0.12163659133911134,0.0,11.75,False
SPY261120P00773000,put,2026-11-20,774.8862915039062,773.0,44,0.12054794520547946,0.9975657183194643,12.1,12.15,12.125,12.11,45.0,1210,0.12062952133178712,0.0,12.125,False
SPY261120P00774000,put,2026-11-20,774.8862915039062,774.0,44,0.12054794520547946,0.9988562302448452,12.47,12.52,12.495000000000001,12.55,112.0,785,0.11950038223266601,0.0,12.495000000000001,False
SPY261120P00775000,put,2026-11-20,774.8862915039062,775.0,44,0.12054794520547946,1.0001467421702261,12.83,12.9,12.865,12.8,1091.0,10354,0.11835598449707031,0.11370849609375,12.75129150390625,True
SPY261120P00776000,put,2026-11-20,774.8862915039062,776.0,44,0.12054794520547946,1.0014372540956071,13.25,13.3,13.275,13.45,54.0,332,0.11730313858032226,1.11370849609375,12.16129150390625,True
SPY261120P00777000,put,2026-11-20,774.8862915039062,777.0,44,0.12054794520547946,1.002727766020988,13.63,13.69,13.66,14.21,27.0,279,0.11602141311645509,2.11370849609375,11.54629150390625,True
SPY261120P00778000,put,2026-11-20,774.8862915039062,778.0,44,0.12054794520547946,1.0040182779463689,14.09,14.13,14.11,14.64,269.0,607,0.1150906362915039,3.11370849609375,10.99629150390625,True
SPY261120P00779000,put,2026-11-20,774.8862915039062,779.0,44,0.12054794520547946,1.0053087898717499,14.51,14.57,14.54,14.82,200.0,627,0.11403779037475587,4.11370849609375,10.42629150390625,True
SPY261120P00780000,put,2026-11-20,774.8862915039062,780.0,44,0.12054794520547946,1.0065993017971309,14.93,14.98,14.955,14.95,1237.0,7238,0.11258821990966797,5.11370849609375,9.84129150390625,True
SPY261120P00781000,put,2026-11-20,774.8862915039062,781.0,44,0.12054794520547946,1.0078898137225116,15.42,15.48,15.45,15.97,23.0,293,0.11182528808593749,6.11370849609375,9.33629150390625,True
SPY261120P00782000,put,2026-11-20,774.8862915039062,782.0,44,0.12054794520547946,1.0091803256478926,15.89,15.93,15.91,16.12,8.0,97,0.11048252807617187,7.11370849609375,8.79629150390625,True
SPY261120P00783000,put,2026-11-20,774.8862915039062,783.0,44,0.12054794520547946,1.0104708375732736,16.41,16.47,16.439999999999998,16.8,52.0,113,0.10984166534423828,8.11370849609375,8.326291503906248,True
SPY261120P00784000,put,2026-11-20,774.8862915039062,784.0,44,0.12054794520547946,1.0117613494986546,16.85,16.99,16.92,14.31,10.0,64,0.1088803712463379,9.11370849609375,7.806291503906252,True
SPY261120P00785000,put,2026-11-20,774.8862915039062,785.0,44,0.12054794520547946,1.0130518614240356,17.38,17.51,17.445,17.88,18.0,1319,0.10778174942016602,10.11370849609375,7.33129150390625,True
SPY261120P00786000,put,2026-11-20,774.8862915039062,786.0,44,0.12054794520547946,1.0143423733494163,17.96,18.07,18.015,18.25,1.0,84,0.1069272657775879,11.11370849609375,6.901291503906251,True
SPY261120P00787000,put,2026-11-20,774.8862915039062,787.0,44,0.12054794520547946,1.0156328852747973,18.47,18.63,18.549999999999997,18.97,1.0,371,0.10592019577026365,12.11370849609375,6.436291503906247,True
SPY261120P00788000,put,2026-11-20,774.8862915039062,788.0,44,0.12054794520547946,1.0169233972001783,18.95,19.13,19.04,16.66,205.0,156,0.10415019393920896,13.11370849609375,5.926291503906249,True
SPY261120P00789000,put,2026-11-20,774.8862915039062,789.0,44,0.12054794520547946,1.0182139091255593,19.57,19.75,19.66,20.15,3.0,5,0.10343303802490234,14.11370849609375,5.54629150390625,True
SPY261120P00790000,put,2026-11-20,774.8862915039062,790.0,44,0.12054794520547946,1.01950442105094,20.15,20.31,20.229999999999997,21.0,21.0,4369,0.10193769165039063,15.11370849609375,5.116291503906247,True
SPY261120P00791000,put,2026-11-20,774.8862915039062,791.0,44,0.12054794520547946,1.020794932976321,20.68,20.96,20.82,18.52,1.0,2,0.10120527709960936,16.11370849609375,4.70629150390625,True
SPY261120P00793000,put,2026-11-20,774.8862915039062,793.0,44,0.12054794520547946,1.023375956827083,21.93,22.26,22.095,18.55,1.0,28,0.09925217163085936,18.11370849609375,3.981291503906249,True
SPY261120P00794000,put,2026-11-20,774.8862915039062,794.0,44,0.12054794520547946,1.0246664687524638,22.65,22.86,22.755,23.25,2.0,4,0.09742113525390625,19.11370849609375,3.641291503906249,True
SPY261120P00795000,put,2026-11-20,774.8862915039062,795.0,44,0.12054794520547946,1.0259569806778448,23.33,23.54,23.435,23.62,1.0,216,0.09629199615478516,20.11370849609375,3.3212915039062487,True
SPY261120P00796000,put,2026-11-20,774.8862915039062,796.0,44,0.12054794520547946,1.0272474926032258,24.06,24.24,24.15,21.3,7.0,4,0.09522389160156251,21.11370849609375,3.0362915039062486,True
SPY261120P00798000,put,2026-11-20,774.8862915039062,798.0,44,0.12054794520547946,1.0298285164539878,25.33,25.7,25.515,26.0,1.0,2,0.09320975158691407,23.11370849609375,2.4012915039062506,True
SPY261120P00799000,put,2026-11-20,774.8862915039062,799.0,44,0.12054794520547946,1.0311190283793685,26.19,26.43,26.310000000000002,30.26,5.0,5,0.09188225021362303,24.11370849609375,2.1962915039062523,True
SPY261120P00800000,put,2026-11-20,774.8862915039062,800.0,44,0.12054794520547946,1.0324095403047495,26.87,27.13,27.0,27.64,62.0,881,0.08982233428955078,25.11370849609375,1.88629150390625,True
SPY261120P00805000,put,2026-11-20,774.8862915039062,805.0,44,0.12054794520547946,1.0388620999316542,30.73,31.22,30.975,26.34,25.0,38,0.0847869842529297,30.11370849609375,0.8612915039062514,True
SPY261120P00810000,put,2026-11-20,774.8862915039062,810.0,44,0.12054794520547946,1.045314659558559,33.67,36.6,35.135000000000005,30.18,12.0,15,0.10242596801757811,35.11370849609375,0.021291503906255116,True
SPY261120P00815000,put,2026-11-20,774.8862915039062,815.0,44,0.12054794520547946,1.0517672191854637,38.6,42.06,40.33,35.8,1.0,4,0.12125512542724609,40.11370849609375,0.2162915039062483,True
SPY261120P00820000,put,2026-11-20,774.8862915039062,820.0,44,0.12054794520547946,1.0582197788123682,43.8,47.01,45.405,46.3,8.0,5,0.13050185913085935,45.11370849609375,0.29129150390625114,True
SPY261120P00825000,put,2026-11-20,774.8862915039062,825.0,44,0.12054794520547946,1.064672338439273,48.59,52.6,50.595,45.48,2.0,2,0.1514977429199219,50.11370849609375,0.48129150390624886,True
SPY261120P00830000,put,2026-11-20,774.8862915039062,830.0,44,0.12054794520547946,1.0711248980661776,53.06,57.04,55.05,61.79,1.0,0,0.1506432592773438,55.11370849609375,-0.06370849609375284,True
SPY261120P00835000,put,2026-11-20,774.8862915039062,835.0,44,0.12054794520547946,1.0775774576930823,58.07,61.88,59.975,72.34,1.0,0,0.15662464477539065,60.11370849609375,-0.13870849609374858,True
SPY261120P00840000,put,2026-11-20,774.8862915039062,840.0,44,0.12054794520547946,1.084030017319987,62.98,67.05,65.015,66.5,2.0,0,0.16965552032470704,65.11370849609375,-0.09870849609374943,True
SPY261120P00850000,put,2026-11-20,774.8862915039062,850.0,44,0.12054794520547946,1.0969351365737965,73.29,76.96,75.125,76.31,2.0,0,0.18561605407714843,75.11370849609375,0.01129150390625,True
SPY261120P00900000,put,2026-11-20,774.8862915039062,900.0,44,0.12054794520547946,1.1614607328428432,123.12,126.92,125.02000000000001,133.0,,0,0.2664868273925781,125.11370849609375,-0.09370849609373977,True
SPY261120P00905000,put,2026-11-20,774.8862915039062,905.0,44,0.12054794520547946,1.167913292469748,127.99,131.88,129.935,143.65,,0,0.272895454711914,130.11370849609375,-0.17870849609374773,True
SPY261120P00920000,put,2026-11-20,774.8862915039062,920.0,44,0.12054794520547946,1.187270971350462,142.99,146.87,144.93,159.07,,0,0.29480685668945306,145.11370849609375,-0.18370849609374318,True
